{"v":{"data":[2.7942279,3.5876769,2.0215476,2.0476928,1.4929041,3.6800909,3.5160131,2.5217206,2.2772673,1.5581446,-0.1625189,1.8484548,1.2669476,2.2137539,2.3075726,1.6582281,2.8124102,4.6844434,2.7880929,-0.1625189,3.5709402,0.7654678,1.047319,2.008214,3.2752562,2.6844403,2.008214,3.5130369,1.8164521,-0.1625189,4.029806,1.446919,1.2669476,5.5829322,2.7180005,4.3851468,1.9242487,1.8946169,1.8000583,1.2669476,2.677591,2.3272777,3.9843437,2.8820035,2.7047113,3.3375474,1.5993876,0.3715636,3.4578927,2.3749058,5.1431245,2.6567569,1.047319,0.7654678,2.9626924,-0.4307829,2.8875901,2.2975726,2.5687881,3.0563569,2.1575593,2.8535925,3.0130809,2.0856721,1.7137979,3.5652984,2.5915164,5.477509,1.4701758,2.8419982,1.6956156,3.7123518,3.993603,1.3480731,1.3987169,3.5307626,1.7316555,3.6309855,1.6389967,3.0750055,2.9204698,2.1916535,2.6912431,2.8063861,2.5687881,2.8535925,1.7664417,3.3928291,2.5533438,2.9626924,4.1295508,2.5915164,2.8820035,2.9729753,3.4355988,3.0373539,0.8544153],"type":"Float64"},"U":{"data":[[0.463734016,3.764682,1.42310833,0,-1.38629436,6,0],[1.562346305,3.709907,1.69561561,0,0.81093022,7,30],[0.009950331,3.267666,-1.38629436,0,-1.38629436,6,0],[-0.010050336,3.216874,-1.38629436,0,-0.7985077,6,0],[2.288486169,3.649359,-1.38629436,0,0.37156356,6,0],[2.024193067,3.731699,1.63899671,0,-1.38629436,6,0],[1.467874348,3.070376,0.55961579,0,0.22314355,7,40],[1.486139696,3.409496,1.74919985,0,-0.43078292,7,20],[0.797507196,3.013081,0.93609336,0,-0.16251893,7,5],[-0.562118918,3.267666,-1.38629436,0,-1.38629436,6,0],[-1.203972804,3.282789,-1.38629436,0,-1.38629436,6,0],[1.040276712,3.128951,0.22314355,0,0.04879016,7,80],[0.254642218,3.604138,-1.38629436,0,-1.38629436,6,0],[2.660958594,4.085136,1.37371558,1,1.83258146,7,35],[1.442201993,3.68261,-1.38629436,0,-1.38629436,7,10],[2.059238834,3.501043,1.47476301,0,1.34807315,7,20],[1.061256502,3.851211,1.29472717,0,-1.38629436,7,40],[3.821003607,3.896909,-1.38629436,1,2.1690537,7,40],[0.97455964,2.865054,-1.38629436,0,0.50077529,7,4],[-0.510825624,2.691243,-1.38629436,0,-1.38629436,7,20],[2.677590994,3.838376,1.11514159,0,1.74919985,9,70],[0.737164066,3.473518,0.61518564,0,-1.38629436,6,0],[0.223143551,3.244544,-1.38629436,0,-1.38629436,6,0],[0.182321557,3.804438,1.70474809,0,-1.38629436,6,0],[2.999226163,3.849083,-1.38629436,1,1.9095425,7,20],[0.512823626,3.633631,1.4929041,0,0.04879016,7,70],[1.2753628,3.037354,1.2669476,0,-1.38629436,6,0],[2.779440197,3.823192,-1.38629436,0,0.37156356,7,50],[-0.400477567,3.865979,1.81645208,0,-1.38629436,7,20],[-0.994252273,3.319626,-1.38629436,0,-1.38629436,6,0],[3.246490992,4.101817,-1.38629436,0,-1.38629436,6,0],[1.541159072,3.061052,-1.38629436,0,-1.38629436,6,0],[-1.347073648,3.598681,1.2669476,0,-1.38629436,6,0],[3.471966453,3.974998,0.43825493,1,2.90416508,7,20],[1.266947603,4.280132,2.12226154,0,-1.38629436,7,15],[2.830267834,3.876396,-1.38629436,1,1.32175584,7,60],[0.285178942,4.090169,1.96290773,0,-0.7985077,6,0],[2.409644165,3.37588,-1.38629436,0,1.61938824,6,0],[0.512823626,3.719651,-1.38629436,0,-0.7985077,7,70],[1.613429934,3.022861,-1.38629436,0,-0.597837,7,30],[1.660131027,4.234831,2.07317193,0,-1.38629436,6,0],[0.58221562,3.865979,1.71379793,0,-0.43078292,6,0],[2.807593831,4.718052,-1.38629436,1,2.46385324,7,60],[2.073171929,3.623007,-1.38629436,0,-1.38629436,6,0],[3.153590358,3.516013,-1.38629436,0,-1.38629436,7,5],[3.141130476,3.263849,-0.05129329,1,2.42036813,7,50],[0.182321557,3.825375,1.65822808,0,-1.38629436,6,0],[0.751416089,3.432373,-1.38629436,0,-1.38629436,6,0],[2.648300197,3.582129,-1.38629436,1,2.58399755,7,70],[1.771556762,3.896909,-1.38629436,0,0.81093022,7,6],[2.907447359,3.396185,-1.38629436,1,2.46385324,7,10],[1.091923301,3.993603,-1.38629436,0,-1.38629436,7,50],[-0.776528789,3.539509,-1.38629436,0,-1.38629436,6,0],[-1.049822124,3.228826,-1.38629436,0,-1.38629436,6,0],[-0.446287103,4.408547,-1.38629436,0,-1.38629436,6,0],[-0.579818495,2.769459,-1.38629436,0,-1.38629436,6,0],[1.458615023,3.836221,1.32175584,0,-0.43078292,7,20],[0.620576488,3.141995,-1.38629436,0,-1.38629436,9,80],[1.16315081,4.035125,1.71379793,0,-0.43078292,7,40],[1.214912744,3.825375,-1.38629436,1,0.22314355,7,20],[1.423108334,3.657131,-0.5798185,0,1.65822808,8,15],[2.77570885,3.524889,-1.38629436,0,1.55814462,9,95],[1.864080131,3.593194,-1.38629436,1,1.32175584,7,60],[1.30833282,4.11985,2.17133681,0,-1.38629436,7,5],[1.781709133,3.451574,0.43825493,0,1.178655,7,60],[2.613006652,3.888754,-0.52763274,1,0.55961579,7,30],[1.220829921,3.568123,1.37371558,0,-0.7985077,6,0],[2.882563575,3.77391,1.55814462,1,1.55814462,7,80],[-0.415515444,3.516013,1.24415459,0,-0.597837,7,30],[0.457424847,4.524502,2.32630162,0,-1.38629436,6,0],[-0.544727175,3.37588,-0.7985077,0,-1.38629436,6,0],[1.731655545,3.369018,-1.38629436,1,0.30010459,7,30],[1.562346305,3.69511,0.93609336,1,0.81093022,7,75],[1.477048724,2.998229,-1.38629436,0,-1.38629436,7,5],[1.205970807,3.442019,-1.38629436,0,-0.43078292,7,5],[2.513656063,3.473518,0.43825493,0,2.32727771,7,60],[0.385262401,3.6674,1.59938758,0,-1.38629436,6,0],[3.302849259,3.51898,-1.38629436,1,2.32727771,7,60],[1.147402453,3.419365,-1.38629436,0,-1.38629436,6,0],[1.838961071,3.236716,0.43825493,1,1.178655,9,90],[2.02287119,3.878466,1.78339122,0,1.32175584,7,70],[0.457424847,2.374906,-1.38629436,0,-1.38629436,7,15],[2.12704052,4.121473,1.76644166,0,1.44691898,7,40],[0.542324291,4.178226,0.43825493,0,-1.38629436,7,20],[2.727852828,3.995445,1.87946505,1,2.65675691,9,100],[1.997417706,3.719651,1.61938824,1,1.9095425,7,40],[1.446918983,3.124565,0.30010459,0,-1.38629436,6,0],[2.010894999,4.433789,2.12226154,0,0.50077529,7,60],[1.663926098,3.392829,0.61518564,0,-1.38629436,7,15],[2.198335072,4.050915,2.30757263,0,-0.43078292,7,10],[2.532902848,3.677566,1.34807315,1,-1.38629436,7,15],[1.745715531,3.498022,-1.38629436,0,-1.38629436,6,0],[2.034705648,3.917011,2.00821403,1,2.1102132,7,60],[1.193922468,4.780383,2.32630162,0,-0.7985077,7,5],[2.537657215,4.354784,2.32630162,0,-1.38629436,7,10],[1.160020917,3.341093,1.74919985,0,-1.38629436,7,25],[0.693147181,3.539509,1.53686722,0,-1.38629436,6,0]],"type":"Float64"}}