{"y":{"data":[-1.2982305125999622,-1.1762325726123526,-1.111796870074203,-1.0440667977331612,-0.9740079356059828,-0.9030201916483309,-0.8128288667998405,-0.7224028961423081,-0.6377871362253977,-0.5325664793771355,-0.43877458334991765,-0.33790904752068895,-0.1862343407548071,-0.05144622835638515,0.05572891998991507,0.2119019290264201,0.3596358061417113,0.5370058993719568,0.708794926211147,0.8825800355325266,1.0025350663730366,1.1286545368109182,1.2104780696317272,1.2033852083385261,1.2220180157680933,1.121118016162914,1.0527299895931914,0.9454558741276462,0.8640112497068655,0.7320483073862903,0.6034733848404314,0.5283045996232587,0.494836389504777,0.3526522954110813,0.3106070188241278,0.27122600948658915,0.2539385672681452,0.22481251344604042,0.22459749083859587,0.16509789021950705,0.1808655449412404,0.1559464101414569,0.17281403212121454,0.1726672479354675,0.13971655775893982,0.18081929335912517,0.1847677714577435,0.18309923696872119,0.24793616552505246,0.2858070136491639,0.2873601056903365,0.32063842833560713,0.3861851924241718,0.41231132804872045,0.45831792805798577,0.5117392435762167,0.6181325318486829,0.7124412623175135,0.7927589972223744,0.9438628164297171,1.1501145732265494,1.343329771631205,1.5931234599828104,1.8893069367160116,2.2608466661426925,2.5849628646249347,2.870750905834419,2.912134252977334,2.7347655777382585,2.28586149757246,1.751473899254271,1.2644468577715458,0.9657640442994423,0.6672907742447164,0.42828794025808137,0.3194609468669234,0.20828197453157854,0.14714920259251846,0.11213912624836476,0.0780921671480419,0.07718687730902501,0.05830490626233902,0.05897589437115914,-0.013482831609784586,0.028212239891779047,-0.03625050905775311,0.021722154578381288,0.02082275793947536,-0.042508012653595675,0.01709523199817703,0.001054654845131512,0.005924647547610842,0.016459404950761244,0.02361761543770408,0.001719383322214666,0.009000434619307007,0.031463823524129186,0.05170992787388238,0.08739175310769494,0.03954826854064602],"type":"Float64"},"x":{"data":[-1.1,-1.0777777777777777,-1.0555555555555556,-1.0333333333333334,-1.011111111111111,-0.9888888888888889,-0.9666666666666667,-0.9444444444444444,-0.9222222222222223,-0.9,-0.8777777777777778,-0.8555555555555555,-0.8333333333333334,-0.8111111111111111,-0.7888888888888889,-0.7666666666666667,-0.7444444444444445,-0.7222222222222222,-0.7,-0.6777777777777778,-0.6555555555555556,-0.6333333333333333,-0.6111111111111112,-0.5888888888888889,-0.5666666666666667,-0.5444444444444444,-0.5222222222222223,-0.5,-0.4777777777777778,-0.45555555555555555,-0.43333333333333335,-0.4111111111111111,-0.3888888888888889,-0.36666666666666664,-0.34444444444444444,-0.32222222222222224,-0.3,-0.2777777777777778,-0.25555555555555554,-0.23333333333333334,-0.2111111111111111,-0.18888888888888888,-0.16666666666666666,-0.14444444444444443,-0.12222222222222222,-0.1,-0.07777777777777778,-0.05555555555555555,-0.03333333333333333,-0.011111111111111112,0.011111111111111112,0.03333333333333333,0.05555555555555555,0.07777777777777778,0.1,0.12222222222222222,0.14444444444444443,0.16666666666666666,0.18888888888888888,0.2111111111111111,0.23333333333333334,0.25555555555555554,0.2777777777777778,0.3,0.32222222222222224,0.34444444444444444,0.36666666666666664,0.3888888888888889,0.4111111111111111,0.43333333333333335,0.45555555555555555,0.4777777777777778,0.5,0.5222222222222223,0.5444444444444444,0.5666666666666667,0.5888888888888889,0.6111111111111112,0.6333333333333333,0.6555555555555556,0.6777777777777778,0.7,0.7222222222222222,0.7444444444444445,0.7666666666666667,0.7888888888888889,0.8111111111111111,0.8333333333333334,0.8555555555555555,0.8777777777777778,0.9,0.9222222222222223,0.9444444444444444,0.9666666666666667,0.9888888888888889,1.011111111111111,1.0333333333333334,1.0555555555555556,1.0777777777777777,1.1],"type":"Float64"},"n":{"data":100,"type":"Int64"}}